threads,agg_mb_s
1,28204.296432
2,30886.702029
4,35018.519671
8,29530.293364
16,64856.894322
32,66319.438622
64,207913.157660
